{
  "project_info": {
    "project_number": "793927510499",
    "project_id": "vaulted-arcana-312415",
    "storage_bucket": "vaulted-arcana-312415.appspot.com"
  },
  "client": [
    {
      "client_info": {
        "mobilesdk_app_id": "1:793927510499:android:4be39fdb5d5f667b8198d6",
        "android_client_info": {
          "package_name": "com.akih.matarak"
        }
      },
      "oauth_client": [
        {
          "client_id": "793927510499-velnbh2olfdt8jnp2cmi5g8qfqk8nvms.apps.googleusercontent.com",
          "client_type": 3
        }
      ],
      "api_key": [
        {
          "current_key": "AIzaSyDG2i9lWPkbMuBNdLuWbjJCutDLLU1DWHw"
        }
      ],
      "services": {
        "appinvite_service": {
          "other_platform_oauth_client": [
            {
              "client_id": "793927510499-velnbh2olfdt8jnp2cmi5g8qfqk8nvms.apps.googleusercontent.com",
              "client_type": 3
            }
          ]
        }
      }
    }
  ],
  "configuration_version": "1"
}